ligue,journee,date,heure,equipe1,equipe2,score_equipe1_final,score_equipe2_final,total_buts
es.1,Matchday 1,2024-08-15,19:00,Athletic Club,Getafe CF,1.0,1.0,2
es.1,Matchday 1,2024-08-15,21:30,Real Betis Balompié,Girona FC,1.0,1.0,2
es.1,Matchday 1,2024-08-16,19:00,RC Celta de Vigo,Deportivo Alavés,2.0,1.0,3
es.1,Matchday 1,2024-08-16,21:30,UD Las Palmas,Sevilla FC,2.0,2.0,4
es.1,Matchday 1,2024-08-17,19:00,CA Osasuna,CD Leganés,1.0,1.0,2
es.1,Matchday 1,2024-08-17,21:30,Valencia CF,FC Barcelona,1.0,2.0,3
es.1,Matchday 1,2024-08-18,19:00,Real Sociedad de Fútbol,Rayo Vallecano de Madrid,1.0,2.0,3
es.1,Matchday 1,2024-08-18,21:30,RCD Mallorca,Real Madrid CF,1.0,1.0,2
es.1,Matchday 1,2024-08-19,19:00,Real Valladolid CF,RCD Espanyol de Barcelona,1.0,0.0,1
es.1,Matchday 1,2024-08-19,21:30,Villarreal CF,Club Atlético de Madrid,2.0,2.0,4
es.1,Matchday 2,2024-08-23,19:00,RC Celta de Vigo,Valencia CF,3.0,1.0,4
es.1,Matchday 2,2024-08-23,21:30,Sevilla FC,Villarreal CF,1.0,2.0,3
es.1,Matchday 2,2024-08-24,17:00,CA Osasuna,RCD Mallorca,1.0,0.0,1
es.1,Matchday 2,2024-08-24,19:00,FC Barcelona,Athletic Club,2.0,1.0,3
es.1,Matchday 2,2024-08-24,21:30,Getafe CF,Rayo Vallecano de Madrid,0.0,0.0,0
es.1,Matchday 2,2024-08-24,21:30,RCD Espanyol de Barcelona,Real Sociedad de Fútbol,0.0,1.0,1
es.1,Matchday 2,2024-08-25,17:00,Real Madrid CF,Real Valladolid CF,3.0,0.0,3
es.1,Matchday 2,2024-08-25,19:00,CD Leganés,UD Las Palmas,2.0,1.0,3
es.1,Matchday 2,2024-08-25,19:15,Deportivo Alavés,Real Betis Balompié,0.0,0.0,0
es.1,Matchday 2,2024-08-25,21:30,Club Atlético de Madrid,Girona FC,3.0,0.0,3
es.1,Matchday 3,2024-08-26,21:30,Villarreal CF,RC Celta de Vigo,4.0,3.0,7
es.1,Matchday 3,2024-08-27,19:00,RCD Mallorca,Sevilla FC,0.0,0.0,0
es.1,Matchday 3,2024-08-27,21:30,Rayo Vallecano de Madrid,FC Barcelona,1.0,2.0,3
es.1,Matchday 3,2024-08-28,19:00,Athletic Club,Valencia CF,1.0,0.0,1
es.1,Matchday 3,2024-08-28,19:00,Real Valladolid CF,CD Leganés,0.0,0.0,0
es.1,Matchday 3,2024-08-28,21:30,Real Sociedad de Fútbol,Deportivo Alavés,1.0,2.0,3
es.1,Matchday 3,2024-08-28,21:30,Club Atlético de Madrid,RCD Espanyol de Barcelona,0.0,0.0,0
es.1,Matchday 3,2024-08-29,19:00,Girona FC,CA Osasuna,4.0,0.0,4
es.1,Matchday 3,2024-08-29,21:30,UD Las Palmas,Real Madrid CF,1.0,1.0,2
es.1,Matchday 4,2024-08-31,17:00,FC Barcelona,Real Valladolid CF,7.0,0.0,7
es.1,Matchday 4,2024-08-31,19:00,Athletic Club,Club Atlético de Madrid,0.0,1.0,1
es.1,Matchday 4,2024-08-31,19:15,RCD Espanyol de Barcelona,Rayo Vallecano de Madrid,2.0,1.0,3
es.1,Matchday 4,2024-08-31,21:30,CD Leganés,RCD Mallorca,0.0,1.0,1
es.1,Matchday 4,2024-08-31,21:30,Valencia CF,Villarreal CF,1.0,1.0,2
es.1,Matchday 4,2024-09-01,17:00,CA Osasuna,RC Celta de Vigo,3.0,2.0,5
es.1,Matchday 4,2024-09-01,17:00,Deportivo Alavés,UD Las Palmas,2.0,0.0,2
es.1,Matchday 4,2024-09-01,19:00,Sevilla FC,Girona FC,0.0,2.0,2
es.1,Matchday 4,2024-09-01,19:15,Getafe CF,Real Sociedad de Fútbol,0.0,0.0,0
es.1,Matchday 4,2024-09-01,21:30,Real Madrid CF,Real Betis Balompié,2.0,0.0,2
es.1,Matchday 5,2024-09-13,21:00,Real Betis Balompié,CD Leganés,2.0,0.0,2
es.1,Matchday 5,2024-09-14,14:00,RCD Mallorca,Villarreal CF,1.0,2.0,3
es.1,Matchday 5,2024-09-14,16:15,RCD Espanyol de Barcelona,Deportivo Alavés,3.0,2.0,5
es.1,Matchday 5,2024-09-14,18:30,Sevilla FC,Getafe CF,1.0,0.0,1
es.1,Matchday 5,2024-09-14,21:00,Real Sociedad de Fútbol,Real Madrid CF,0.0,2.0,2
es.1,Matchday 5,2024-09-15,14:00,RC Celta de Vigo,Real Valladolid CF,3.0,1.0,4
es.1,Matchday 5,2024-09-15,16:15,Girona FC,FC Barcelona,1.0,4.0,5
es.1,Matchday 5,2024-09-15,18:30,UD Las Palmas,Athletic Club,2.0,3.0,5
es.1,Matchday 5,2024-09-15,21:00,Club Atlético de Madrid,Valencia CF,3.0,0.0,3
es.1,Matchday 5,2024-09-16,21:00,Rayo Vallecano de Madrid,CA Osasuna,3.0,1.0,4
es.1,Matchday 7,2024-09-17,19:00,RCD Mallorca,Real Sociedad de Fútbol,1.0,0.0,1
es.1,Matchday 3,2024-09-18,19:00,Real Betis Balompié,Getafe CF,2.0,1.0,3
es.1,Matchday 7,2024-09-19,19:00,CD Leganés,Athletic Club,0.0,2.0,2
es.1,Matchday 6,2024-09-20,21:00,Deportivo Alavés,Sevilla FC,2.0,1.0,3
es.1,Matchday 6,2024-09-21,14:00,Real Valladolid CF,Real Sociedad de Fútbol,0.0,0.0,0
es.1,Matchday 6,2024-09-21,16:15,CA Osasuna,UD Las Palmas,2.0,1.0,3
es.1,Matchday 6,2024-09-21,18:30,Valencia CF,Girona FC,2.0,0.0,2
es.1,Matchday 6,2024-09-21,21:00,Real Madrid CF,RCD Espanyol de Barcelona,4.0,1.0,5
es.1,Matchday 6,2024-09-22,14:00,Getafe CF,CD Leganés,1.0,1.0,2
es.1,Matchday 6,2024-09-22,16:15,Athletic Club,RC Celta de Vigo,3.0,1.0,4
es.1,Matchday 6,2024-09-22,18:30,Villarreal CF,FC Barcelona,1.0,5.0,6
es.1,Matchday 6,2024-09-22,21:00,Rayo Vallecano de Madrid,Club Atlético de Madrid,1.0,1.0,2
es.1,Matchday 6,2024-09-23,21:00,Real Betis Balompié,RCD Mallorca,1.0,2.0,3
es.1,Matchday 7,2024-09-24,19:00,Sevilla FC,Real Valladolid CF,2.0,1.0,3
es.1,Matchday 7,2024-09-24,19:00,Valencia CF,CA Osasuna,0.0,0.0,0
es.1,Matchday 7,2024-09-24,21:00,Real Madrid CF,Deportivo Alavés,3.0,2.0,5
es.1,Matchday 7,2024-09-25,19:00,Girona FC,Rayo Vallecano de Madrid,0.0,0.0,0
es.1,Matchday 7,2024-09-25,21:00,FC Barcelona,Getafe CF,1.0,0.0,1
es.1,Matchday 7,2024-09-26,19:00,UD Las Palmas,Real Betis Balompié,1.0,1.0,2
es.1,Matchday 7,2024-09-26,19:00,RCD Espanyol de Barcelona,Villarreal CF,1.0,2.0,3
es.1,Matchday 7,2024-09-26,21:00,RC Celta de Vigo,Club Atlético de Madrid,0.0,1.0,1
es.1,Matchday 8,2024-09-27,21:00,Real Valladolid CF,RCD Mallorca,1.0,2.0,3
es.1,Matchday 8,2024-09-28,14:00,Getafe CF,Deportivo Alavés,2.0,0.0,2
es.1,Matchday 8,2024-09-28,16:15,Rayo Vallecano de Madrid,CD Leganés,1.0,1.0,2
es.1,Matchday 8,2024-09-28,18:30,Real Sociedad de Fútbol,Valencia CF,3.0,0.0,3
es.1,Matchday 8,2024-09-28,21:00,CA Osasuna,FC Barcelona,4.0,2.0,6
es.1,Matchday 8,2024-09-29,14:00,RC Celta de Vigo,Girona FC,1.0,1.0,2
es.1,Matchday 8,2024-09-29,16:15,Athletic Club,Sevilla FC,1.0,1.0,2
es.1,Matchday 8,2024-09-29,18:30,Real Betis Balompié,RCD Espanyol de Barcelona,1.0,0.0,1
es.1,Matchday 8,2024-09-29,21:00,Club Atlético de Madrid,Real Madrid CF,1.0,1.0,2
es.1,Matchday 8,2024-09-30,21:00,Villarreal CF,UD Las Palmas,3.0,1.0,4
es.1,Matchday 9,2024-10-04,21:00,CD Leganés,Valencia CF,0.0,0.0,0
es.1,Matchday 9,2024-10-05,14:00,RCD Espanyol de Barcelona,RCD Mallorca,2.0,1.0,3
es.1,Matchday 9,2024-10-05,16:15,Getafe CF,CA Osasuna,1.0,1.0,2
es.1,Matchday 9,2024-10-05,18:30,Real Valladolid CF,Rayo Vallecano de Madrid,1.0,2.0,3
es.1,Matchday 9,2024-10-05,18:30,UD Las Palmas,RC Celta de Vigo,0.0,1.0,1
es.1,Matchday 9,2024-10-05,21:00,Real Madrid CF,Villarreal CF,2.0,0.0,2
es.1,Matchday 9,2024-10-06,14:00,Girona FC,Athletic Club,2.0,1.0,3
es.1,Matchday 9,2024-10-06,16:15,Deportivo Alavés,FC Barcelona,0.0,3.0,3
es.1,Matchday 9,2024-10-06,18:30,Sevilla FC,Real Betis Balompié,1.0,0.0,1
es.1,Matchday 9,2024-10-06,21:00,Real Sociedad de Fútbol,Club Atlético de Madrid,1.0,1.0,2
es.1,Matchday 10,2024-10-18,21:00,Deportivo Alavés,Real Valladolid CF,2.0,3.0,5
es.1,Matchday 10,2024-10-19,14:00,Athletic Club,RCD Espanyol de Barcelona,4.0,1.0,5
es.1,Matchday 10,2024-10-19,16:15,CA Osasuna,Real Betis Balompié,1.0,2.0,3
es.1,Matchday 10,2024-10-19,18:30,Girona FC,Real Sociedad de Fútbol,0.0,1.0,1
es.1,Matchday 10,2024-10-19,21:00,RC Celta de Vigo,Real Madrid CF,1.0,2.0,3
es.1,Matchday 10,2024-10-20,14:00,RCD Mallorca,Rayo Vallecano de Madrid,1.0,0.0,1
es.1,Matchday 10,2024-10-20,16:15,Club Atlético de Madrid,CD Leganés,3.0,1.0,4
es.1,Matchday 10,2024-10-20,18:30,Villarreal CF,Getafe CF,1.0,1.0,2
es.1,Matchday 10,2024-10-20,21:00,FC Barcelona,Sevilla FC,5.0,1.0,6
es.1,Matchday 10,2024-10-21,21:00,Valencia CF,UD Las Palmas,2.0,3.0,5
es.1,Matchday 11,2024-10-25,21:00,RCD Espanyol de Barcelona,Sevilla FC,0.0,2.0,2
es.1,Matchday 11,2024-10-26,14:00,Real Valladolid CF,Villarreal CF,1.0,2.0,3
es.1,Matchday 11,2024-10-26,16:15,Rayo Vallecano de Madrid,Deportivo Alavés,1.0,0.0,1
es.1,Matchday 11,2024-10-26,18:30,UD Las Palmas,Girona FC,1.0,0.0,1
es.1,Matchday 11,2024-10-26,21:00,Real Madrid CF,FC Barcelona,0.0,4.0,4
es.1,Matchday 11,2024-10-27,14:00,CD Leganés,RC Celta de Vigo,3.0,0.0,3
es.1,Matchday 11,2024-10-27,16:15,Getafe CF,Valencia CF,1.0,1.0,2
es.1,Matchday 11,2024-10-27,18:30,Real Betis Balompié,Club Atlético de Madrid,1.0,0.0,1
es.1,Matchday 11,2024-10-27,21:00,Real Sociedad de Fútbol,CA Osasuna,0.0,2.0,2
es.1,Matchday 11,2024-10-28,21:00,RCD Mallorca,Athletic Club,0.0,0.0,0
es.1,Matchday 12,2024-11-01,21:00,Deportivo Alavés,RCD Mallorca,1.0,0.0,1
es.1,Matchday 12,2024-11-02,14:00,CA Osasuna,Real Valladolid CF,1.0,0.0,1
es.1,Matchday 12,2024-11-02,16:15,Girona FC,CD Leganés,4.0,3.0,7
es.1,Matchday 12,2024-11-03,14:00,Club Atlético de Madrid,UD Las Palmas,2.0,0.0,2
es.1,Matchday 12,2024-11-03,16:15,FC Barcelona,RCD Espanyol de Barcelona,3.0,1.0,4
es.1,Matchday 12,2024-11-03,18:30,Sevilla FC,Real Sociedad de Fútbol,0.0,2.0,2
es.1,Matchday 12,2024-11-03,21:00,Athletic Club,Real Betis Balompié,1.0,1.0,2
es.1,Matchday 12,2024-11-04,21:00,RC Celta de Vigo,Getafe CF,1.0,0.0,1
es.1,Matchday 13,2024-11-08,21:00,Rayo Vallecano de Madrid,UD Las Palmas,1.0,3.0,4
es.1,Matchday 13,2024-11-09,14:00,Real Madrid CF,CA Osasuna,4.0,0.0,4
es.1,Matchday 13,2024-11-09,16:15,Villarreal CF,Deportivo Alavés,3.0,0.0,3
es.1,Matchday 13,2024-11-09,21:00,CD Leganés,Sevilla FC,1.0,0.0,1
es.1,Matchday 13,2024-11-10,14:00,Real Betis Balompié,RC Celta de Vigo,2.0,2.0,4
es.1,Matchday 13,2024-11-10,16:15,RCD Mallorca,Club Atlético de Madrid,0.0,1.0,1
es.1,Matchday 13,2024-11-10,18:30,Getafe CF,Girona FC,0.0,1.0,1
es.1,Matchday 13,2024-11-10,18:30,Real Valladolid CF,Athletic Club,1.0,1.0,2
es.1,Matchday 13,2024-11-10,21:00,Real Sociedad de Fútbol,FC Barcelona,1.0,0.0,1
es.1,Matchday 14,2024-11-22,21:00,Getafe CF,Real Valladolid CF,2.0,0.0,2
es.1,Matchday 14,2024-11-23,14:00,Valencia CF,Real Betis Balompié,4.0,2.0,6
es.1,Matchday 14,2024-11-23,16:15,Club Atlético de Madrid,Deportivo Alavés,2.0,1.0,3
es.1,Matchday 14,2024-11-23,18:30,UD Las Palmas,RCD Mallorca,2.0,3.0,5
es.1,Matchday 14,2024-11-23,18:30,Girona FC,RCD Espanyol de Barcelona,4.0,1.0,5
es.1,Matchday 14,2024-11-23,21:00,RC Celta de Vigo,FC Barcelona,2.0,2.0,4
es.1,Matchday 14,2024-11-24,14:00,CA Osasuna,Villarreal CF,2.0,2.0,4
es.1,Matchday 14,2024-11-24,16:15,Sevilla FC,Rayo Vallecano de Madrid,1.0,0.0,1
es.1,Matchday 14,2024-11-24,18:30,CD Leganés,Real Madrid CF,0.0,3.0,3
es.1,Matchday 14,2024-11-24,21:00,Athletic Club,Real Sociedad de Fútbol,1.0,0.0,1
es.1,Matchday 15,2024-11-29,21:00,RCD Mallorca,Valencia CF,2.0,1.0,3
es.1,Matchday 15,2024-11-30,14:00,FC Barcelona,UD Las Palmas,1.0,2.0,3
es.1,Matchday 15,2024-11-30,16:15,Deportivo Alavés,CD Leganés,1.0,1.0,2
es.1,Matchday 15,2024-11-30,18:30,RCD Espanyol de Barcelona,RC Celta de Vigo,3.0,1.0,4
es.1,Matchday 15,2024-11-30,21:00,Real Valladolid CF,Club Atlético de Madrid,0.0,5.0,5
es.1,Matchday 15,2024-12-01,14:00,Villarreal CF,Girona FC,2.0,2.0,4
es.1,Matchday 15,2024-12-01,16:15,Real Madrid CF,Getafe CF,2.0,0.0,2
es.1,Matchday 15,2024-12-01,18:30,Rayo Vallecano de Madrid,Athletic Club,1.0,2.0,3
es.1,Matchday 15,2024-12-01,21:00,Real Sociedad de Fútbol,Real Betis Balompié,2.0,0.0,2
es.1,Matchday 15,2024-12-02,21:00,Sevilla FC,CA Osasuna,1.0,1.0,2
es.1,Matchday 19,2024-12-03,19:00,RCD Mallorca,FC Barcelona,1.0,5.0,6
es.1,Matchday 19,2024-12-04,21:00,Athletic Club,Real Madrid CF,2.0,1.0,3
es.1,Matchday 16,2024-12-06,21:00,RC Celta de Vigo,RCD Mallorca,2.0,0.0,2
es.1,Matchday 16,2024-12-07,14:00,UD Las Palmas,Real Valladolid CF,2.0,1.0,3
es.1,Matchday 16,2024-12-07,16:15,Real Betis Balompié,FC Barcelona,2.0,2.0,4
es.1,Matchday 16,2024-12-07,18:30,Valencia CF,Rayo Vallecano de Madrid,0.0,1.0,1
es.1,Matchday 16,2024-12-07,21:00,Girona FC,Real Madrid CF,0.0,3.0,3
es.1,Matchday 16,2024-12-08,14:00,CD Leganés,Real Sociedad de Fútbol,0.0,3.0,3
es.1,Matchday 16,2024-12-08,16:15,Athletic Club,Villarreal CF,2.0,0.0,2
es.1,Matchday 16,2024-12-08,18:30,CA Osasuna,Deportivo Alavés,2.0,2.0,4
es.1,Matchday 16,2024-12-08,21:00,Club Atlético de Madrid,Sevilla FC,4.0,3.0,7
es.1,Matchday 16,2024-12-09,21:00,Getafe CF,RCD Espanyol de Barcelona,1.0,0.0,1
es.1,Matchday 17,2024-12-13,21:00,Real Valladolid CF,Valencia CF,1.0,0.0,1
es.1,Matchday 17,2024-12-14,14:00,RCD Espanyol de Barcelona,CA Osasuna,0.0,0.0,0
es.1,Matchday 17,2024-12-14,16:15,RCD Mallorca,Girona FC,2.0,1.0,3
es.1,Matchday 17,2024-12-14,18:30,Sevilla FC,RC Celta de Vigo,1.0,0.0,1
es.1,Matchday 17,2024-12-14,21:00,Rayo Vallecano de Madrid,Real Madrid CF,3.0,3.0,6
es.1,Matchday 17,2024-12-15,14:00,Club Atlético de Madrid,Getafe CF,1.0,0.0,1
es.1,Matchday 17,2024-12-15,16:15,Deportivo Alavés,Athletic Club,1.0,1.0,2
es.1,Matchday 17,2024-12-15,18:30,Villarreal CF,Real Betis Balompié,1.0,2.0,3
es.1,Matchday 17,2024-12-15,18:30,Real Sociedad de Fútbol,UD Las Palmas,0.0,0.0,0
es.1,Matchday 17,2024-12-15,21:00,FC Barcelona,CD Leganés,0.0,1.0,1
es.1,Matchday 12,2024-12-18,21:30,Villarreal CF,Rayo Vallecano de Madrid,1.0,1.0,2
es.1,Matchday 13,2024-12-18,21:30,RCD Espanyol de Barcelona,Valencia CF,1.0,1.0,2
es.1,Matchday 18,2024-12-20,21:00,Girona FC,Real Valladolid CF,3.0,0.0,3
es.1,Matchday 18,2024-12-21,14:00,Getafe CF,RCD Mallorca,0.0,1.0,1
es.1,Matchday 18,2024-12-21,16:15,RC Celta de Vigo,Real Sociedad de Fútbol,2.0,0.0,2
es.1,Matchday 18,2024-12-21,18:30,CA Osasuna,Athletic Club,1.0,2.0,3
es.1,Matchday 18,2024-12-21,21:00,FC Barcelona,Club Atlético de Madrid,1.0,2.0,3
es.1,Matchday 18,2024-12-22,14:00,Valencia CF,Deportivo Alavés,2.0,2.0,4
es.1,Matchday 18,2024-12-22,16:15,Real Madrid CF,Sevilla FC,4.0,2.0,6
es.1,Matchday 18,2024-12-22,18:30,CD Leganés,Villarreal CF,2.0,5.0,7
es.1,Matchday 18,2024-12-22,18:30,UD Las Palmas,RCD Espanyol de Barcelona,1.0,0.0,1
es.1,Matchday 18,2024-12-22,21:00,Real Betis Balompié,Rayo Vallecano de Madrid,1.0,1.0,2
es.1,Matchday 12,2025-01-03,21:00,Valencia CF,Real Madrid CF,1.0,2.0,3
es.1,Matchday 19,2025-01-10,21:00,Rayo Vallecano de Madrid,RC Celta de Vigo,2.0,1.0,3
es.1,Matchday 19,2025-01-11,14:00,Deportivo Alavés,Girona FC,0.0,1.0,1
es.1,Matchday 19,2025-01-11,16:15,Real Valladolid CF,Real Betis Balompié,1.0,0.0,1
es.1,Matchday 19,2025-01-11,18:30,RCD Espanyol de Barcelona,CD Leganés,1.0,1.0,2
es.1,Matchday 19,2025-01-11,21:00,Sevilla FC,Valencia CF,1.0,1.0,2
es.1,Matchday 19,2025-01-12,14:00,UD Las Palmas,Getafe CF,1.0,2.0,3
es.1,Matchday 19,2025-01-12,16:15,Club Atlético de Madrid,CA Osasuna,1.0,0.0,1
es.1,Matchday 19,2025-01-13,21:00,Real Sociedad de Fútbol,Villarreal CF,1.0,0.0,1
es.1,Matchday 20,2025-01-17,21:00,RCD Espanyol de Barcelona,Real Valladolid CF,2.0,1.0,3
es.1,Matchday 20,2025-01-18,14:00,Girona FC,Sevilla FC,1.0,2.0,3
es.1,Matchday 20,2025-01-18,16:15,CD Leganés,Club Atlético de Madrid,1.0,0.0,1
es.1,Matchday 20,2025-01-18,18:30,Real Betis Balompié,Deportivo Alavés,1.0,3.0,4
es.1,Matchday 20,2025-01-18,21:00,Getafe CF,FC Barcelona,1.0,1.0,2
es.1,Matchday 20,2025-01-19,14:00,RC Celta de Vigo,Athletic Club,1.0,2.0,3
es.1,Matchday 20,2025-01-19,16:15,Real Madrid CF,UD Las Palmas,4.0,1.0,5
es.1,Matchday 20,2025-01-19,18:30,CA Osasuna,Rayo Vallecano de Madrid,1.0,1.0,2
es.1,Matchday 20,2025-01-19,21:00,Valencia CF,Real Sociedad de Fútbol,1.0,0.0,1
es.1,Matchday 20,2025-01-20,21:00,Villarreal CF,RCD Mallorca,4.0,0.0,4
es.1,Matchday 21,2025-01-24,21:00,UD Las Palmas,CA Osasuna,1.0,1.0,2
es.1,Matchday 21,2025-01-25,14:00,RCD Mallorca,Real Betis Balompié,0.0,1.0,1
es.1,Matchday 21,2025-01-25,16:15,Club Atlético de Madrid,Villarreal CF,1.0,1.0,2
es.1,Matchday 21,2025-01-25,18:30,Sevilla FC,RCD Espanyol de Barcelona,1.0,1.0,2
es.1,Matchday 21,2025-01-25,21:00,Real Valladolid CF,Real Madrid CF,0.0,3.0,3
es.1,Matchday 21,2025-01-26,14:00,Rayo Vallecano de Madrid,Girona FC,2.0,1.0,3
es.1,Matchday 21,2025-01-26,16:15,Real Sociedad de Fútbol,Getafe CF,0.0,3.0,3
es.1,Matchday 21,2025-01-26,18:30,Athletic Club,CD Leganés,0.0,0.0,0
es.1,Matchday 21,2025-01-26,21:00,FC Barcelona,Valencia CF,7.0,1.0,8
es.1,Matchday 21,2025-01-27,21:00,Deportivo Alavés,RC Celta de Vigo,1.0,1.0,2
es.1,Matchday 22,2025-01-31,21:00,CD Leganés,Rayo Vallecano de Madrid,0.0,1.0,1
es.1,Matchday 22,2025-02-01,14:00,Getafe CF,Sevilla FC,0.0,0.0,0
es.1,Matchday 22,2025-02-01,16:15,Villarreal CF,Real Valladolid CF,5.0,1.0,6
es.1,Matchday 22,2025-02-01,18:30,Club Atlético de Madrid,RCD Mallorca,2.0,0.0,2
es.1,Matchday 22,2025-02-01,21:00,RCD Espanyol de Barcelona,Real Madrid CF,1.0,0.0,1
es.1,Matchday 22,2025-02-02,14:00,FC Barcelona,Deportivo Alavés,1.0,0.0,1
es.1,Matchday 22,2025-02-02,16:15,Valencia CF,RC Celta de Vigo,2.0,1.0,3
es.1,Matchday 22,2025-02-02,18:30,CA Osasuna,Real Sociedad de Fútbol,2.0,1.0,3
es.1,Matchday 22,2025-02-02,21:00,Real Betis Balompié,Athletic Club,2.0,2.0,4
es.1,Matchday 22,2025-02-03,21:00,Girona FC,UD Las Palmas,2.0,1.0,3
es.1,Matchday 23,2025-02-07,21:00,Rayo Vallecano de Madrid,Real Valladolid CF,1.0,0.0,1
es.1,Matchday 23,2025-02-08,14:00,RC Celta de Vigo,Real Betis Balompié,3.0,2.0,5
es.1,Matchday 23,2025-02-08,16:15,Athletic Club,Girona FC,3.0,0.0,3
es.1,Matchday 23,2025-02-08,18:30,UD Las Palmas,Villarreal CF,1.0,2.0,3
es.1,Matchday 23,2025-02-08,21:00,Real Madrid CF,Club Atlético de Madrid,1.0,1.0,2
es.1,Matchday 23,2025-02-09,14:00,Deportivo Alavés,Getafe CF,0.0,1.0,1
es.1,Matchday 23,2025-02-09,16:15,Valencia CF,CD Leganés,2.0,0.0,2
es.1,Matchday 23,2025-02-09,18:30,Real Sociedad de Fútbol,RCD Espanyol de Barcelona,2.0,1.0,3
es.1,Matchday 23,2025-02-09,21:00,Sevilla FC,FC Barcelona,1.0,4.0,5
es.1,Matchday 23,2025-02-10,21:00,RCD Mallorca,CA Osasuna,1.0,1.0,2
es.1,Matchday 24,2025-02-14,21:00,Girona FC,Getafe CF,1.0,2.0,3
es.1,Matchday 24,2025-02-15,14:00,CD Leganés,Deportivo Alavés,3.0,3.0,6
es.1,Matchday 24,2025-02-15,16:15,CA Osasuna,Real Madrid CF,1.0,1.0,2
es.1,Matchday 24,2025-02-15,18:30,Club Atlético de Madrid,RC Celta de Vigo,1.0,1.0,2
es.1,Matchday 24,2025-02-15,21:00,Villarreal CF,Valencia CF,1.0,1.0,2
es.1,Matchday 24,2025-02-16,14:00,RCD Espanyol de Barcelona,Athletic Club,1.0,1.0,2
es.1,Matchday 24,2025-02-16,16:15,Real Valladolid CF,Sevilla FC,0.0,4.0,4
es.1,Matchday 24,2025-02-16,18:30,RCD Mallorca,UD Las Palmas,3.0,1.0,4
es.1,Matchday 24,2025-02-16,21:00,Real Betis Balompié,Real Sociedad de Fútbol,3.0,0.0,3
es.1,Matchday 24,2025-02-17,21:00,FC Barcelona,Rayo Vallecano de Madrid,1.0,0.0,1
es.1,Matchday 25,2025-02-21,21:00,RC Celta de Vigo,CA Osasuna,1.0,0.0,1
es.1,Matchday 25,2025-02-22,14:00,Deportivo Alavés,RCD Espanyol de Barcelona,0.0,1.0,1
es.1,Matchday 25,2025-02-22,16:15,Rayo Vallecano de Madrid,Villarreal CF,0.0,1.0,1
es.1,Matchday 25,2025-02-22,18:30,Valencia CF,Club Atlético de Madrid,0.0,3.0,3
es.1,Matchday 25,2025-02-22,21:00,UD Las Palmas,FC Barcelona,0.0,2.0,2
es.1,Matchday 25,2025-02-23,14:00,Athletic Club,Real Valladolid CF,7.0,1.0,8
es.1,Matchday 25,2025-02-23,16:15,Real Madrid CF,Girona FC,2.0,0.0,2
es.1,Matchday 25,2025-02-23,18:30,Getafe CF,Real Betis Balompié,1.0,2.0,3
es.1,Matchday 25,2025-02-23,21:00,Real Sociedad de Fútbol,CD Leganés,3.0,0.0,3
es.1,Matchday 25,2025-02-24,21:00,Sevilla FC,RCD Mallorca,1.0,1.0,2
es.1,Matchday 26,2025-02-28,21:00,Real Valladolid CF,UD Las Palmas,1.0,1.0,2
es.1,Matchday 26,2025-03-01,14:00,Girona FC,RC Celta de Vigo,2.0,2.0,4
es.1,Matchday 26,2025-03-01,16:15,Rayo Vallecano de Madrid,Sevilla FC,1.0,1.0,2
es.1,Matchday 26,2025-03-01,18:30,Real Betis Balompié,Real Madrid CF,2.0,1.0,3
es.1,Matchday 26,2025-03-01,21:00,Club Atlético de Madrid,Athletic Club,1.0,0.0,1
es.1,Matchday 26,2025-03-02,14:00,CD Leganés,Getafe CF,1.0,0.0,1
es.1,Matchday 26,2025-03-02,16:15,FC Barcelona,Real Sociedad de Fútbol,4.0,0.0,4
es.1,Matchday 26,2025-03-02,18:30,RCD Mallorca,Deportivo Alavés,1.0,1.0,2
es.1,Matchday 26,2025-03-02,21:00,CA Osasuna,Valencia CF,3.0,3.0,6
es.1,Matchday 27,2025-03-08,14:00,RC Celta de Vigo,CD Leganés,2.0,1.0,3
es.1,Matchday 27,2025-03-08,16:15,Deportivo Alavés,Villarreal CF,1.0,0.0,1
es.1,Matchday 27,2025-03-08,18:30,Valencia CF,Real Valladolid CF,2.0,1.0,3
es.1,Matchday 27,2025-03-09,14:00,Getafe CF,Club Atlético de Madrid,2.0,1.0,3
es.1,Matchday 27,2025-03-09,16:15,Real Madrid CF,Rayo Vallecano de Madrid,2.0,1.0,3
es.1,Matchday 27,2025-03-09,18:30,Athletic Club,RCD Mallorca,1.0,1.0,2
es.1,Matchday 27,2025-03-09,18:30,Real Betis Balompié,UD Las Palmas,1.0,0.0,1
es.1,Matchday 27,2025-03-09,21:00,Real Sociedad de Fútbol,Sevilla FC,0.0,1.0,1
es.1,Matchday 27,2025-03-10,21:00,RCD Espanyol de Barcelona,Girona FC,1.0,1.0,2
es.1,Matchday 28,2025-03-14,21:00,UD Las Palmas,Deportivo Alavés,2.0,2.0,4
es.1,Matchday 28,2025-03-15,14:00,Real Valladolid CF,RC Celta de Vigo,0.0,1.0,1
es.1,Matchday 28,2025-03-15,16:15,RCD Mallorca,RCD Espanyol de Barcelona,2.0,1.0,3
es.1,Matchday 28,2025-03-15,18:30,Villarreal CF,Real Madrid CF,1.0,2.0,3
es.1,Matchday 28,2025-03-15,21:00,Girona FC,Valencia CF,1.0,1.0,2
es.1,Matchday 28,2025-03-16,14:00,CD Leganés,Real Betis Balompié,2.0,3.0,5
es.1,Matchday 28,2025-03-16,16:15,Sevilla FC,Athletic Club,0.0,1.0,1
es.1,Matchday 28,2025-03-16,18:30,CA Osasuna,Getafe CF,1.0,2.0,3
es.1,Matchday 28,2025-03-16,18:30,Rayo Vallecano de Madrid,Real Sociedad de Fútbol,2.0,2.0,4
es.1,Matchday 28,2025-03-16,21:00,Club Atlético de Madrid,FC Barcelona,2.0,4.0,6
es.1,Matchday 27,2025-03-27,21:00,FC Barcelona,CA Osasuna,3.0,0.0,3
es.1,Matchday 29,2025-03-29,14:00,Real Sociedad de Fútbol,Real Valladolid CF,2.0,1.0,3
es.1,Matchday 29,2025-03-29,16:15,RCD Espanyol de Barcelona,Club Atlético de Madrid,1.0,1.0,2
es.1,Matchday 29,2025-03-29,18:30,Deportivo Alavés,Rayo Vallecano de Madrid,0.0,2.0,2
es.1,Matchday 29,2025-03-29,21:00,Real Madrid CF,CD Leganés,3.0,2.0,5
es.1,Matchday 29,2025-03-30,14:00,Getafe CF,Villarreal CF,1.0,2.0,3
es.1,Matchday 29,2025-03-30,16:15,FC Barcelona,Girona FC,4.0,1.0,5
es.1,Matchday 29,2025-03-30,18:30,Athletic Club,CA Osasuna,0.0,0.0,0
es.1,Matchday 29,2025-03-30,18:30,Valencia CF,RCD Mallorca,1.0,0.0,1
es.1,Matchday 29,2025-03-30,21:00,Real Betis Balompié,Sevilla FC,2.0,1.0,3
es.1,Matchday 29,2025-03-31,21:00,RC Celta de Vigo,UD Las Palmas,1.0,1.0,2
es.1,Matchday 30,2025-04-04,21:00,Rayo Vallecano de Madrid,RCD Espanyol de Barcelona,0.0,4.0,4
es.1,Matchday 30,2025-04-05,14:00,Girona FC,Deportivo Alavés,0.0,1.0,1
es.1,Matchday 30,2025-04-05,16:15,Real Madrid CF,Valencia CF,1.0,2.0,3
es.1,Matchday 30,2025-04-05,18:30,RCD Mallorca,RC Celta de Vigo,1.0,2.0,3
es.1,Matchday 30,2025-04-05,21:00,FC Barcelona,Real Betis Balompié,1.0,1.0,2
es.1,Matchday 30,2025-04-06,14:00,UD Las Palmas,Real Sociedad de Fútbol,1.0,3.0,4
es.1,Matchday 30,2025-04-06,16:15,Sevilla FC,Club Atlético de Madrid,1.0,2.0,3
es.1,Matchday 30,2025-04-06,18:30,Real Valladolid CF,Getafe CF,0.0,4.0,4
es.1,Matchday 30,2025-04-06,21:00,Villarreal CF,Athletic Club,0.0,0.0,0
es.1,Matchday 30,2025-04-07,21:00,CD Leganés,CA Osasuna,1.0,1.0,2
es.1,Matchday 31,2025-04-11,21:00,Valencia CF,Sevilla FC,1.0,0.0,1
es.1,Matchday 31,2025-04-12,14:00,Real Sociedad de Fútbol,RCD Mallorca,0.0,2.0,2
es.1,Matchday 31,2025-04-12,16:15,Getafe CF,UD Las Palmas,1.0,3.0,4
es.1,Matchday 31,2025-04-12,18:30,RC Celta de Vigo,RCD Espanyol de Barcelona,0.0,2.0,2
es.1,Matchday 31,2025-04-12,21:00,CD Leganés,FC Barcelona,0.0,1.0,1
es.1,Matchday 31,2025-04-13,14:00,CA Osasuna,Girona FC,2.0,1.0,3
es.1,Matchday 31,2025-04-13,16:15,Deportivo Alavés,Real Madrid CF,0.0,1.0,1
es.1,Matchday 31,2025-04-13,18:30,Real Betis Balompié,Villarreal CF,1.0,2.0,3
es.1,Matchday 31,2025-04-13,21:00,Athletic Club,Rayo Vallecano de Madrid,3.0,1.0,4
es.1,Matchday 31,2025-04-14,21:00,Club Atlético de Madrid,Real Valladolid CF,4.0,2.0,6
es.1,Matchday 32,2025-04-18,21:00,RCD Espanyol de Barcelona,Getafe CF,1.0,0.0,1
es.1,Matchday 32,2025-04-19,14:00,Rayo Vallecano de Madrid,Valencia CF,1.0,1.0,2
es.1,Matchday 32,2025-04-19,16:15,FC Barcelona,RC Celta de Vigo,4.0,3.0,7
es.1,Matchday 32,2025-04-19,18:30,RCD Mallorca,CD Leganés,0.0,0.0,0
es.1,Matchday 32,2025-04-19,21:00,UD Las Palmas,Club Atlético de Madrid,1.0,0.0,1
es.1,Matchday 32,2025-04-20,14:00,Real Valladolid CF,CA Osasuna,2.0,3.0,5
es.1,Matchday 32,2025-04-20,16:15,Villarreal CF,Real Sociedad de Fútbol,2.0,2.0,4
es.1,Matchday 32,2025-04-20,18:30,Sevilla FC,Deportivo Alavés,1.0,1.0,2
es.1,Matchday 32,2025-04-20,21:00,Real Madrid CF,Athletic Club,1.0,0.0,1
es.1,Matchday 32,2025-04-21,21:00,Girona FC,Real Betis Balompié,1.0,3.0,4
es.1,Matchday 33,2025-04-22,19:00,Valencia CF,RCD Espanyol de Barcelona,1.0,1.0,2
es.1,Matchday 33,2025-04-22,21:30,FC Barcelona,RCD Mallorca,1.0,0.0,1
es.1,Matchday 33,2025-04-23,19:00,Athletic Club,UD Las Palmas,1.0,0.0,1
es.1,Matchday 33,2025-04-23,19:00,RC Celta de Vigo,Villarreal CF,3.0,0.0,3
es.1,Matchday 33,2025-04-23,21:30,Deportivo Alavés,Real Sociedad de Fútbol,1.0,0.0,1
es.1,Matchday 33,2025-04-23,21:30,Getafe CF,Real Madrid CF,0.0,1.0,1
es.1,Matchday 33,2025-04-24,19:00,CA Osasuna,Sevilla FC,1.0,0.0,1
es.1,Matchday 33,2025-04-24,19:00,CD Leganés,Girona FC,1.0,1.0,2
es.1,Matchday 33,2025-04-24,21:30,Club Atlético de Madrid,Rayo Vallecano de Madrid,3.0,0.0,3
es.1,Matchday 33,2025-04-24,21:30,Real Betis Balompié,Real Valladolid CF,5.0,1.0,6
es.1,Matchday 26,2025-04-27,16:15,Villarreal CF,RCD Espanyol de Barcelona,1.0,0.0,1
es.1,Matchday 34,2025-05-02,21:00,Rayo Vallecano de Madrid,Getafe CF,1.0,0.0,1
es.1,Matchday 34,2025-05-03,14:00,Deportivo Alavés,Club Atlético de Madrid,0.0,0.0,0
es.1,Matchday 34,2025-05-03,16:15,Villarreal CF,CA Osasuna,4.0,2.0,6
es.1,Matchday 34,2025-05-03,18:30,UD Las Palmas,Valencia CF,2.0,3.0,5
es.1,Matchday 34,2025-05-03,21:00,Real Valladolid CF,FC Barcelona,1.0,2.0,3
es.1,Matchday 34,2025-05-04,14:00,Real Madrid CF,RC Celta de Vigo,3.0,2.0,5
es.1,Matchday 34,2025-05-04,16:15,Sevilla FC,CD Leganés,2.0,2.0,4
es.1,Matchday 34,2025-05-04,18:30,RCD Espanyol de Barcelona,Real Betis Balompié,1.0,2.0,3
es.1,Matchday 34,2025-05-04,21:00,Real Sociedad de Fútbol,Athletic Club,0.0,0.0,0
es.1,Matchday 34,2025-05-05,21:00,Girona FC,RCD Mallorca,1.0,0.0,1
es.1,Matchday 35,2025-05-09,21:00,UD Las Palmas,Rayo Vallecano de Madrid,0.0,1.0,1
es.1,Matchday 35,2025-05-10,14:00,Valencia CF,Getafe CF,3.0,0.0,3
es.1,Matchday 35,2025-05-10,16:15,RC Celta de Vigo,Sevilla FC,3.0,2.0,5
es.1,Matchday 35,2025-05-10,18:30,Girona FC,Villarreal CF,0.0,1.0,1
es.1,Matchday 35,2025-05-10,18:30,RCD Mallorca,Real Valladolid CF,2.0,1.0,3
es.1,Matchday 35,2025-05-10,21:00,Club Atlético de Madrid,Real Sociedad de Fútbol,4.0,0.0,4
es.1,Matchday 35,2025-05-11,14:00,CD Leganés,RCD Espanyol de Barcelona,3.0,2.0,5
es.1,Matchday 35,2025-05-11,16:15,FC Barcelona,Real Madrid CF,4.0,3.0,7
es.1,Matchday 35,2025-05-11,18:30,Athletic Club,Deportivo Alavés,1.0,0.0,1
es.1,Matchday 35,2025-05-11,21:00,Real Betis Balompié,CA Osasuna,1.0,1.0,2
es.1,Matchday 36,2025-05-13,19:00,Real Valladolid CF,Girona FC,0.0,1.0,1
es.1,Matchday 36,2025-05-13,20:00,Real Sociedad de Fútbol,RC Celta de Vigo,0.0,1.0,1
es.1,Matchday 36,2025-05-13,21:30,Sevilla FC,UD Las Palmas,1.0,0.0,1
es.1,Matchday 36,2025-05-14,19:00,Deportivo Alavés,Valencia CF,1.0,0.0,1
es.1,Matchday 36,2025-05-14,19:00,Villarreal CF,CD Leganés,3.0,0.0,3
es.1,Matchday 36,2025-05-14,21:30,Real Madrid CF,RCD Mallorca,2.0,1.0,3
es.1,Matchday 36,2025-05-15,19:00,CA Osasuna,Club Atlético de Madrid,2.0,0.0,2
es.1,Matchday 36,2025-05-15,19:00,Rayo Vallecano de Madrid,Real Betis Balompié,2.0,2.0,4
es.1,Matchday 36,2025-05-15,21:30,Getafe CF,Athletic Club,0.0,2.0,2
es.1,Matchday 36,2025-05-15,21:30,RCD Espanyol de Barcelona,FC Barcelona,0.0,2.0,2
es.1,Matchday 37,2025-05-18,19:00,Club Atlético de Madrid,Real Betis Balompié,4.0,1.0,5
es.1,Matchday 37,2025-05-18,19:00,RC Celta de Vigo,Rayo Vallecano de Madrid,1.0,2.0,3
es.1,Matchday 37,2025-05-18,19:00,FC Barcelona,Villarreal CF,2.0,3.0,5
es.1,Matchday 37,2025-05-18,19:00,Sevilla FC,Real Madrid CF,0.0,2.0,2
es.1,Matchday 37,2025-05-18,19:00,Valencia CF,Athletic Club,0.0,1.0,1
es.1,Matchday 37,2025-05-18,19:00,RCD Mallorca,Getafe CF,1.0,2.0,3
es.1,Matchday 37,2025-05-18,19:00,Real Sociedad de Fútbol,Girona FC,3.0,2.0,5
es.1,Matchday 37,2025-05-18,19:00,Real Valladolid CF,Deportivo Alavés,0.0,1.0,1
es.1,Matchday 37,2025-05-18,19:00,UD Las Palmas,CD Leganés,0.0,1.0,1
es.1,Matchday 37,2025-05-18,19:00,CA Osasuna,RCD Espanyol de Barcelona,2.0,0.0,2
